Type,Name,Request Count,Failure Count,Median Response Time,Average Response Time,Min Response Time,Max Response Time,Average Content Size,Requests/s,Failures/s,50%,66%,75%,80%,90%,95%,98%,99%,99.9%,99.99%,100%
POST,/inference/,66398,489,4,12.606601271722072,0.4626251757144928,894.1944998223335,355.82365432693757,553.1804928821572,4.07399712369913,4,5,5,6,10,28,140,240,670,860,890
,Aggregated,66398,489,4,12.606601271722072,0.4626251757144928,894.1944998223335,355.82365432693757,553.1804928821572,4.07399712369913,4,5,5,6,10,28,140,240,670,860,890
